"word","nearest_phon_rank","nearest_phon","stage"
"act",1,"act","Late"
"aft",1,"aft","Late"
"and",1,"and","Late"
"angst",1,"angst","Late"
"ant",1,"ant","Late"
"apt",1,"apt","Late"
"arc",1,"arc","Late"
"arch",1,"arch","Late"
"arm",1,"arm","Late"
"art",1,"art","Late"
"ask",1,"ask","Late"
"aunt",2,"ant","Late"
"axe",1,"axe","Late"
"back",1,"back","Late"
"bad",1,"bad","Late"
"bade",1,"bade","Late"
"badge",1,"badge","Late"
"bag",1,"bag","Late"
"bail",1,"bail","Late"
"bait",1,"bait","Late"
"bake",1,"bake","Late"
"bald",1,"bald","Late"
"bale",2,"bail","Late"
"ball",1,"ball","Late"
"ban",1,"ban","Late"
"band",1,"band","Late"
"bang",1,"bang","Late"
"bank",1,"bank","Late"
"bar",1,"bar","Late"
"bard",1,"bard","Late"
"bare",1,"bare","Late"
"barge",1,"barge","Late"
"bark",1,"bark","Late"
"barn",1,"barn","Late"
"barre",103,"par","Late"
"base",1,"base","Late"
"bash",1,"bash","Late"
"bass",1,"bass","Late"
"bat",1,"bat","Late"
"batch",1,"batch","Late"
"bath",1,"bath","Late"
"bathe",10,"pith","Late"
"beach",1,"beach","Late"
"bead",1,"bead","Late"
"beak",1,"beak","Late"
"beam",1,"beam","Late"
"bean",1,"bean","Late"
"bear",5,"beer","Late"
"beard",1,"beard","Late"
"beat",1,"beat","Late"
"beck",1,"beck","Late"
"bed",1,"bed","Late"
"beech",2,"beach","Late"
"beef",1,"beef","Late"
"beek",2,"beak","Late"
"been",2,"bean","Late"
"beep",1,"beep","Late"
"beer",1,"beer","Late"
"beet",2,"beat","Late"
"beg",1,"beg","Late"
"beige",2,"base","Late"
"belch",1,"belch","Late"
"bell",1,"bell","Late"
"belle",2,"bell","Late"
"bench",1,"bench","Late"
"bend",1,"bend","Late"
"bent",1,"bent","Late"
"berth",2,"birch","Late"
"best",1,"best","Late"
"bet",1,"bet","Late"
"bib",1,"bib","Late"
"bid",1,"bid","Late"
"bide",1,"bide","Late"
"big",1,"big","Late"
"bike",1,"bike","Late"
"bile",1,"bile","Late"
"bill",1,"bill","Late"
"bin",2,"been","Late"
"bind",1,"bind","Late"
"bing",1,"bing","Late"
"binge",1,"binge","Late"
"birch",2,"perch","Late"
"bird",1,"bird","Late"
"birth",2,"berth","Late"
"bit",1,"bit","Late"
"bitch",1,"bitch","Late"
"bite",1,"bite","Late"
"black",1,"black","Late"
"blade",1,"blade","Late"
"blame",1,"blame","Late"
"blanch",1,"blanch","Late"
"bland",1,"bland","Late"
"blank",1,"blank","Late"
"blast",1,"blast","Late"
"blaze",1,"blaze","Late"
"bleak",1,"bleak","Late"
"bleed",1,"bleed","Late"
"bleep",1,"bleep","Late"
"blend",1,"blend","Late"
"bless",1,"bless","Late"
"blew",1,"blew","Late"
"blight",1,"blight","Late"
"blimp",2,"limb","Late"
"blind",1,"blind","Late"
"blink",1,"blink","Late"
"bliss",1,"bliss","Late"
"blithe",1,"blithe","Late"
"blitz",5,"bliss","Late"
"bloat",1,"bloat","Late"
"bloc",1,"bloc","Late"
"block",2,"bloc","Late"
"bloke",1,"bloke","Late"
"blond",1,"blond","Late"
"blood",3,"blot","Late"
"bloom",1,"bloom","Late"
"blot",1,"blot","Late"
"blouse",1,"blouse","Late"
"blow",1,"blow","Late"
"blue",2,"blew","Late"
"bluff",1,"bluff","Late"
"blunt",1,"blunt","Late"
"blur",1,"blur","Late"
"boar",1,"boar","Late"
"board",1,"board","Late"
"boast",1,"boast","Late"
"boat",1,"boat","Late"
"bob",1,"bob","Late"
"bog",1,"bog","Late"
"boil",3,"bowl","Late"
"bold",1,"bold","Late"
"bolt",1,"bolt","Late"
"bomb",1,"bomb","Late"
"bond",1,"bond","Late"
"bone",1,"bone","Late"
"bong",1,"bong","Late"
"book",1,"book","Late"
"boom",1,"boom","Late"
"boon",1,"boon","Late"
"boot",1,"boot","Late"
"booth",1,"booth","Late"
"booze",1,"booze","Late"
"bop",1,"bop","Late"
"bore",2,"boar","Late"
"born",1,"born","Late"
"boss",1,"boss","Late"
"both",5,"boss","Late"
"bought",2,"pot","Late"
"bounce",1,"bounce","Late"
"bound",1,"bound","Late"
"bout",1,"bout","Late"
"bowl",1,"bowl","Late"
"box",1,"box","Late"
"brace",3,"pray","Late"
"brad",1,"brad","Late"
"brag",1,"brag","Late"
"braid",1,"braid","Late"
"brain",1,"brain","Late"
"brake",1,"brake","Late"
"bran",1,"bran","Late"
"branch",1,"branch","Late"
"brand",1,"brand","Late"
"brash",1,"brash","Late"
"brass",1,"brass","Late"
"brat",1,"brat","Late"
"brave",1,"brave","Late"
"brawl",1,"brawl","Late"
"brawn",1,"brawn","Late"
"breach",1,"breach","Late"
"bread",2,"breed","Late"
"breadth",2,"bread","Late"
"break",4,"brick","Late"
"breast",1,"breast","Late"
"breath",3,"brief","Late"
"breathe",1,"breathe","Late"
"breed",1,"breed","Late"
"breeze",1,"breeze","Late"
"brew",1,"brew","Late"
"bribe",1,"bribe","Late"
"brick",1,"brick","Late"
"bride",1,"bride","Late"
"brief",1,"brief","Late"
"brig",1,"brig","Late"
"bright",1,"bright","Late"
"brim",1,"brim","Late"
"bring",1,"bring","Late"
"brink",1,"brink","Late"
"brisk",1,"brisk","Late"
"broach",1,"broach","Late"
"broil",1,"broil","Late"
"broke",1,"broke","Late"
"bronze",1,"bronze","Late"
"brooch",1,"brooch","Late"
"brood",1,"brood","Late"
"brook",1,"brook","Late"
"broom",1,"broom","Late"
"broth",1,"broth","Late"
"brought",1,"brought","Late"
"brow",14,"pro","Late"
"brown",6,"prone","Late"
"bruise",2,"breeze","Late"
"brunt",1,"brunt","Late"
"brush",1,"brush","Late"
"brute",1,"brute","Late"
"buck",1,"buck","Late"
"bud",1,"bud","Late"
"budge",1,"budge","Late"
"buff",1,"buff","Late"
"bug",1,"bug","Late"
"build",1,"build","Late"
"bulb",2,"bill","Late"
"bulge",1,"bulge","Late"
"bulk",1,"bulk","Late"
"bull",9,"gull","Late"
"bum",1,"bum","Late"
"bump",1,"bump","Late"
"bun",1,"bun","Late"
"bunch",1,"bunch","Late"
"bunk",1,"bunk","Late"
"bunt",1,"bunt","Late"
"burl",1,"burl","Late"
"burn",1,"burn","Late"
"burst",1,"burst","Late"
"bus",1,"bus","Late"
"bush",10,"bus","Late"
"buss",2,"bus","Late"
"but",1,"but","Late"
"butt",2,"but","Late"
"butte",920,"but","Late"
"buzz",1,"buzz","Late"
"cab",1,"cab","Late"
"cache",1,"cache","Late"
"cad",1,"cad","Late"
"cage",1,"cage","Late"
"cake",1,"cake","Late"
"calf",4,"cap","Late"
"call",1,"call","Late"
"calm",1,"calm","Late"
"camp",1,"camp","Late"
"can",1,"can","Late"
"cane",1,"cane","Late"
"cant",1,"cant","Late"
"cap",1,"cap","Late"
"cape",1,"cape","Late"
"care",1,"care","Late"
"cart",1,"cart","Late"
"carve",2,"car","Late"
"case",1,"case","Late"
"cash",2,"cache","Late"
"cask",1,"cask","Late"
"cast",1,"cast","Late"
"cat",1,"cat","Late"
"caught",1,"caught","Late"
"cause",2,"kiss","Late"
"cave",1,"cave","Late"
"cent",3,"tent","Late"
"chafe",1,"chafe","Late"
"chain",1,"chain","Late"
"chaise",2,"chase","Late"
"chalk",1,"chalk","Late"
"champ",1,"champ","Late"
"chance",1,"chance","Late"
"change",3,"inch","Late"
"chant",1,"chant","Late"
"chap",1,"chap","Late"
"char",1,"char","Late"
"charge",1,"charge","Late"
"charm",1,"charm","Late"
"chart",1,"chart","Late"
"chase",1,"chase","Late"
"chat",1,"chat","Late"
"cheap",1,"cheap","Late"
"cheat",1,"cheat","Late"
"check",1,"check","Late"
"cheer",1,"cheer","Late"
"cheese",1,"cheese","Late"
"chef",1,"chef","Late"
"chess",1,"chess","Late"
"chest",1,"chest","Late"
"chic",7,"chick","Late"
"chick",1,"chick","Late"
"chide",1,"chide","Late"
"chief",1,"chief","Late"
"child",1,"child","Late"
"chill",1,"chill","Late"
"chime",1,"chime","Late"
"chin",1,"chin","Late"
"choice",1,"choice","Late"
"choir",477,"chore","Late"
"choke",1,"choke","Late"
"chomp",1,"chomp","Late"
"choose",1,"choose","Late"
"chop",1,"chop","Late"
"chord",6,"art","Late"
"chore",1,"chore","Late"
"christ",2,"wrist","Late"
"chrome",1,"chrome","Late"
"chuck",1,"chuck","Late"
"chum",1,"chum","Late"
"chump",1,"chump","Late"
"chunk",1,"chunk","Late"
"church",1,"church","Late"
"churn",1,"churn","Late"
"chute",1,"chute","Late"
"cinch",17,"inch","Late"
"cite",5,"kite","Late"
"clad",1,"clad","Late"
"claim",1,"claim","Late"
"clam",1,"clam","Late"
"clamp",1,"clamp","Late"
"clan",1,"clan","Late"
"clang",1,"clang","Late"
"clap",1,"clap","Late"
"clash",1,"clash","Late"
"class",1,"class","Late"
"clause",14,"class","Late"
"claw",2,"clue","Late"
"clay",1,"clay","Late"
"clean",1,"clean","Late"
"clear",1,"clear","Late"
"cleat",1,"cleat","Late"
"cleft",1,"cleft","Late"
"clench",1,"clench","Late"
"clerk",1,"clerk","Late"
"click",1,"click","Late"
"clinch",1,"clinch","Late"
"cling",1,"cling","Late"
"clip",1,"clip","Late"
"cloak",1,"cloak","Late"
"clock",1,"clock","Late"
"clog",1,"clog","Late"
"close",1,"close","Late"
"clot",1,"clot","Late"
"cloth",2,"claw","Late"
"clothe",2,"cloth","Late"
"cloud",1,"cloud","Late"
"clout",1,"clout","Late"
"clown",12,"loan","Late"
"club",1,"club","Late"
"cluck",1,"cluck","Late"
"clue",1,"clue","Late"
"clump",1,"clump","Late"
"clung",1,"clung","Late"
"clutch",1,"clutch","Late"
"coach",1,"coach","Late"
"coal",1,"coal","Late"
"coarse",1,"coarse","Late"
"coast",1,"coast","Late"
"coat",1,"coat","Late"
"coax",4,"coke","Late"
"cock",1,"cock","Late"
"cod",1,"cod","Late"
"code",1,"code","Late"
"coil",1,"coil","Late"
"coin",2,"cone","Late"
"coke",1,"coke","Late"
"colt",1,"colt","Late"
"comb",2,"calm","Late"
"come",9,"comb","Late"
"cone",1,"cone","Late"
"cook",1,"cook","Late"
"cool",1,"cool","Late"
"coop",1,"coop","Late"
"cop",1,"cop","Late"
"cope",1,"cope","Late"
"cord",2,"chord","Late"
"cork",4,"corps","Late"
"corn",1,"corn","Late"
"corps",1,"corps","Late"
"corpse",4,"coarse","Late"
"cost",1,"cost","Late"
"cot",2,"caught","Late"
"couch",1,"couch","Late"
"cough",2,"cuff","Late"
"could",2,"kid","Late"
"count",1,"count","Late"
"coupe",2,"coop","Late"
"course",2,"coarse","Late"
"cove",1,"cove","Late"
"cowl",30,"coal","Late"
"cox",1,"cox","Late"
"crab",1,"crab","Late"
"crack",1,"crack","Late"
"craft",1,"craft","Late"
"cram",1,"cram","Late"
"cramp",1,"cramp","Late"
"crane",1,"crane","Late"
"crank",1,"crank","Late"
"crap",1,"crap","Late"
"crash",1,"crash","Late"
"crass",1,"crass","Late"
"crate",1,"crate","Late"
"crave",1,"crave","Late"
"crawl",1,"crawl","Late"
"craze",1,"craze","Late"
"creak",1,"creak","Late"
"cream",1,"cream","Late"
"crease",1,"crease","Late"
"creche",1,"creche","Late"
"creed",1,"creed","Late"
"creek",2,"creak","Late"
"creep",1,"creep","Late"
"crepe",2,"creep","Late"
"crept",1,"crept","Late"
"crest",1,"crest","Late"
"crew",1,"crew","Late"
"crib",1,"crib","Late"
"crime",1,"crime","Late"
"crisp",1,"crisp","Late"
"croak",1,"croak","Late"
"crone",1,"crone","Late"
"crook",1,"crook","Late"
"croon",1,"croon","Late"
"crop",1,"crop","Late"
"cross",1,"cross","Late"
"crouch",1,"crouch","Late"
"crowd",25,"crow","Late"
"crude",1,"crude","Late"
"cruise",2,"crease","Late"
"crumb",1,"crumb","Late"
"crunch",1,"crunch","Late"
"crush",1,"crush","Late"
"crust",1,"crust","Late"
"crutch",1,"crutch","Late"
"crux",1,"crux","Late"
"cry",1,"cry","Late"
"crypt",1,"crypt","Late"
"cub",1,"cub","Late"
"cube",3,"tube","Late"
"cue",4,"coop","Late"
"cuff",1,"cuff","Late"
"cull",1,"cull","Late"
"cult",1,"cult","Late"
"cup",1,"cup","Late"
"curb",1,"curb","Late"
"curd",1,"curd","Late"
"cure",22,"yore","Late"
"curl",1,"curl","Late"
"curse",1,"curse","Late"
"curt",1,"curt","Late"
"curve",1,"curve","Late"
"cusp",1,"cusp","Late"
"cut",1,"cut","Late"
"cute",34,"chute","Late"
"cyst",1,"cyst","Late"
"czar",1,"czar","Late"
"dad",1,"dad","Late"
"dame",1,"dame","Late"
"damn",1,"damn","Late"
"damp",1,"damp","Late"
"dance",1,"dance","Late"
"dang",1,"dang","Late"
"dank",1,"dank","Late"
"dare",1,"dare","Late"
"dark",1,"dark","Late"
"darn",1,"darn","Late"
"dash",1,"dash","Late"
"date",1,"date","Late"
"daunt",3,"dent","Late"
"dawn",1,"dawn","Late"
"dead",1,"dead","Late"
"deaf",1,"deaf","Late"
"deal",1,"deal","Late"
"dear",2,"dare","Late"
"dearth",16,"dare","Late"
"death",1,"death","Late"
"debt",1,"debt","Late"
"deem",1,"deem","Late"
"deep",1,"deep","Late"
"deer",2,"dear","Late"
"deft",1,"deft","Late"
"den",1,"den","Late"
"dense",1,"dense","Late"
"dent",1,"dent","Late"
"depth",1,"depth","Late"
"desk",1,"desk","Late"
"dice",1,"dice","Late"
"dick",1,"dick","Late"
"dig",2,"dick","Late"
"dike",1,"dike","Late"
"dill",1,"dill","Late"
"dime",1,"dime","Late"
"din",1,"din","Late"
"dine",1,"dine","Late"
"dint",1,"dint","Late"
"dip",1,"dip","Late"
"dirge",1,"dirge","Late"
"dirt",1,"dirt","Late"
"disc",1,"disc","Late"
"dish",1,"dish","Late"
"disk",2,"disc","Late"
"ditch",1,"ditch","Late"
"dive",1,"dive","Late"
"dock",1,"dock","Late"
"dodge",1,"dodge","Late"
"dog",4,"tog","Late"
"dole",1,"dole","Late"
"doll",3,"tall","Late"
"dome",1,"dome","Late"
"done",16,"dawn","Late"
"doom",1,"doom","Late"
"door",2,"tour","Late"
"dope",1,"dope","Late"
"dorm",1,"dorm","Late"
"dose",1,"dose","Late"
"dot",1,"dot","Late"
"doubt",1,"doubt","Late"
"dour",11,"door","Late"
"douse",1,"douse","Late"
"dove",1,"dove","Late"
"down",19,"dawn","Late"
"drab",1,"drab","Late"
"draft",1,"draft","Late"
"drag",1,"drag","Late"
"drain",1,"drain","Late"
"drake",1,"drake","Late"
"dram",1,"dram","Late"
"drank",1,"drank","Late"
"drape",2,"drip","Late"
"draught",164,"trot","Late"
"draw",1,"draw","Late"
"drawl",1,"drawl","Late"
"drawn",1,"drawn","Late"
"dread",1,"dread","Late"
"dream",1,"dream","Late"
"dreamt",1,"dreamt","Late"
"dress",1,"dress","Late"
"drew",2,"draw","Late"
"drift",1,"drift","Late"
"drill",1,"drill","Late"
"drink",1,"drink","Late"
"drip",1,"drip","Late"
"drone",1,"drone","Late"
"droop",1,"droop","Late"
"drop",1,"drop","Late"
"dross",1,"dross","Late"
"drought",5,"trot","Late"
"drove",1,"drove","Late"
"drown",7,"drone","Late"
"drug",1,"drug","Late"
"drum",1,"drum","Late"
"drunk",1,"drunk","Late"
"dry",1,"dry","Late"
"duck",1,"duck","Late"
"duct",3,"duck","Late"
"dud",1,"dud","Late"
"duel",79,"tool","Late"
"dug",1,"dug","Late"
"duke",1,"duke","Late"
"dull",1,"dull","Late"
"dumb",1,"dumb","Late"
"dump",1,"dump","Late"
"dun",2,"done","Late"
"dune",8,"done","Late"
"dung",1,"dung","Late"
"dusk",1,"dusk","Late"
"dust",1,"dust","Late"
"dwarf",3,"war","Late"
"dwell",1,"dwell","Late"
"dwelt",1,"dwelt","Late"
"dyke",2,"dike","Late"
"east",1,"east","Late"
"eighth",1,"eighth","Late"
"elk",1,"elk","Late"
"elm",1,"elm","Late"
"else",1,"else","Late"
"end",1,"end","Late"
"face",1,"face","Late"
"fact",1,"fact","Late"
"fad",1,"fad","Late"
"fade",1,"fade","Late"
"faint",1,"faint","Late"
"fair",1,"fair","Late"
"faith",1,"faith","Late"
"fake",1,"fake","Late"
"fall",1,"fall","Late"
"false",1,"false","Late"
"fame",1,"fame","Late"
"fan",1,"fan","Late"
"fang",1,"fang","Late"
"far",1,"far","Late"
"farce",1,"farce","Late"
"fare",2,"fair","Late"
"farm",1,"farm","Late"
"fast",1,"fast","Late"
"fat",1,"fat","Late"
"fate",1,"fate","Late"
"fault",1,"fault","Late"
"fawn",1,"fawn","Late"
"faze",1,"faze","Late"
"fear",1,"fear","Late"
"feast",1,"feast","Late"
"feat",1,"feat","Late"
"feed",1,"feed","Late"
"feel",1,"feel","Late"
"feint",2,"faint","Late"
"fell",1,"fell","Late"
"felt",1,"felt","Late"
"fen",1,"fen","Late"
"fence",1,"fence","Late"
"fern",4,"fen","Late"
"fetch",1,"fetch","Late"
"fete",9,"feat","Late"
"feud",1335,"shed","Late"
"few",1,"few","Late"
"fiend",1,"fiend","Late"
"fierce",1,"fierce","Late"
"fife",1,"fife","Late"
"fifth",1,"fifth","Late"
"fig",1,"fig","Late"
"fight",1,"fight","Late"
"fill",1,"fill","Late"
"film",2,"fin","Late"
"fin",1,"fin","Late"
"fine",1,"fine","Late"
"fink",1,"fink","Late"
"fire",1,"fire","Late"
"firm",1,"firm","Late"
"first",1,"first","Late"
"fish",1,"fish","Late"
"fist",1,"fist","Late"
"fit",1,"fit","Late"
"five",1,"five","Late"
"fix",1,"fix","Late"
"flag",1,"flag","Late"
"flail",1,"flail","Late"
"flair",1,"flair","Late"
"flake",1,"flake","Late"
"flame",1,"flame","Late"
"flange",1,"flange","Late"
"flank",1,"flank","Late"
"flaw",1,"flaw","Late"
"flax",1,"flax","Late"
"flay",1,"flay","Late"
"flea",1,"flea","Late"
"fleck",1,"fleck","Late"
"flee",2,"flea","Late"
"fleet",1,"fleet","Late"
"flesh",1,"flesh","Late"
"flew",2,"flaw","Late"
"flex",1,"flex","Late"
"flick",1,"flick","Late"
"flight",1,"flight","Late"
"fling",1,"fling","Late"
"flint",1,"flint","Late"
"flip",1,"flip","Late"
"flirt",1,"flirt","Late"
"float",1,"float","Late"
"flock",1,"flock","Late"
"floe",1,"floe","Late"
"flog",1,"flog","Late"
"flood",2,"flute","Late"
"floor",1,"floor","Late"
"flop",1,"flop","Late"
"flour",2,"flaw","Late"
"flow",2,"floe","Late"
"flown",1,"flown","Late"
"flu",11,"flush","Late"
"fluff",1,"fluff","Late"
"flung",1,"flung","Late"
"flush",1,"flush","Late"
"flute",1,"flute","Late"
"flux",1,"flux","Late"
"fly",1,"fly","Late"
"foal",1,"foal","Late"
"foam",1,"foam","Late"
"fog",1,"fog","Late"
"foil",1,"foil","Late"
"foist",1,"foist","Late"
"fold",1,"fold","Late"
"folk",3,"foal","Late"
"fond",1,"fond","Late"
"font",1,"font","Late"
"food",1,"food","Late"
"fool",1,"fool","Late"
"foot",1,"foot","Late"
"for",1,"for","Late"
"force",1,"force","Late"
"ford",1,"ford","Late"
"forge",4,"for","Late"
"fork",5,"for","Late"
"form",1,"form","Late"
"fort",1,"fort","Late"
"forth",4,"for","Late"
"fought",1,"fought","Late"
"foul",3,"foal","Late"
"found",1,"found","Late"
"four",2,"for","Late"
"fourth",2,"forth","Late"
"fowl",56,"foal","Late"
"fox",1,"fox","Late"
"frail",1,"frail","Late"
"frame",1,"frame","Late"
"frank",1,"frank","Late"
"fraud",3,"fright","Late"
"fray",1,"fray","Late"
"freak",1,"freak","Late"
"free",1,"free","Late"
"freeze",1,"freeze","Late"
"freight",1,"freight","Late"
"french",1,"french","Late"
"fresh",1,"fresh","Late"
"fret",1,"fret","Late"
"friend",2,"print","Late"
"frieze",2,"freeze","Late"
"fright",1,"fright","Late"
"frill",1,"frill","Late"
"fringe",1,"fringe","Late"
"frog",1,"frog","Late"
"from",1,"from","Late"
"front",1,"front","Late"
"frost",1,"frost","Late"
"froth",1,"froth","Late"
"frown",4,"throne","Late"
"froze",1,"froze","Late"
"fruit",1,"fruit","Late"
"fry",1,"fry","Late"
"fuck",1,"fuck","Late"
"fuel",289,"wool","Late"
"full",2,"fall","Late"
"funk",1,"funk","Late"
"fuse",19,"these","Late"
"fuss",1,"fuss","Late"
"fuzz",1,"fuzz","Late"
"gab",1,"gab","Late"
"gag",1,"gag","Late"
"gage",1,"gage","Late"
"gain",1,"gain","Late"
"gait",1,"gait","Late"
"gal",1,"gal","Late"
"gale",1,"gale","Late"
"gall",2,"gal","Late"
"gang",1,"gang","Late"
"gap",1,"gap","Late"
"garb",5,"car","Late"
"gas",1,"gas","Late"
"gash",1,"gash","Late"
"gauche",247,"catch","Late"
"gauge",14,"geese","Late"
"gaunt",5,"cant","Late"
"gauze",20,"gas","Late"
"gave",1,"gave","Late"
"gaze",1,"gaze","Late"
"gear",1,"gear","Late"
"geese",1,"geese","Late"
"gel",4,"dell","Late"
"gem",1,"gem","Late"
"gene",1,"gene","Late"
"get",1,"get","Late"
"ghost",5,"coast","Late"
"ghoul",6,"coal","Late"
"gibe",1,"gibe","Late"
"gift",1,"gift","Late"
"gig",1,"gig","Late"
"gill",1,"gill","Late"
"gilt",1,"gilt","Late"
"gin",4,"din","Late"
"gird",1,"gird","Late"
"girl",1,"girl","Late"
"girth",2,"gush","Late"
"gist",1,"gist","Late"
"give",1,"give","Late"
"glad",1,"glad","Late"
"glance",1,"glance","Late"
"gland",1,"gland","Late"
"glare",2,"clear","Late"
"glass",1,"glass","Late"
"glaze",1,"glaze","Late"
"gleam",1,"gleam","Late"
"glean",1,"glean","Late"
"glee",1,"glee","Late"
"glen",1,"glen","Late"
"glib",1,"glib","Late"
"glide",1,"glide","Late"
"glimpse",1,"glimpse","Late"
"glint",1,"glint","Late"
"glitch",1,"glitch","Late"
"gloat",1,"gloat","Late"
"globe",1,"globe","Late"
"gloom",1,"gloom","Late"
"gloss",1,"gloss","Late"
"glove",7,"clove","Late"
"glow",1,"glow","Late"
"glue",1,"glue","Late"
"glum",1,"glum","Late"
"gnome",1,"gnome","Late"
"goad",1,"goad","Late"
"goal",1,"goal","Late"
"goat",1,"goat","Late"
"gob",1,"gob","Late"
"god",1,"god","Late"
"gold",1,"gold","Late"
"golf",1,"golf","Late"
"gong",1,"gong","Late"
"good",1,"good","Late"
"goon",1,"goon","Late"
"goose",1,"goose","Late"
"gore",1,"gore","Late"
"gorge",5,"car","Late"
"gosh",1,"gosh","Late"
"gouge",2,"gosh","Late"
"gourd",36,"car","Late"
"gout",1,"gout","Late"
"gown",13,"cone","Late"
"grab",1,"grab","Late"
"grace",3,"gray","Late"
"grad",1,"grad","Late"
"grade",1,"grade","Late"
"graft",1,"graft","Late"
"grail",1,"grail","Late"
"grain",1,"grain","Late"
"gram",1,"gram","Late"
"grand",1,"grand","Late"
"grant",1,"grant","Late"
"grape",1,"grape","Late"
"graph",1,"graph","Late"
"grass",1,"grass","Late"
"grate",1,"grate","Late"
"grave",1,"grave","Late"
"gray",1,"gray","Late"
"graze",1,"graze","Late"
"grease",1,"grease","Late"
"great",5,"greet","Late"
"greed",1,"greed","Late"
"green",1,"green","Late"
"greet",1,"greet","Late"
"grew",1,"grew","Late"
"grey",2,"gray","Late"
"grid",1,"grid","Late"
"grief",1,"grief","Late"
"grill",1,"grill","Late"
"grille",2,"grill","Late"
"grime",1,"grime","Late"
"grin",1,"grin","Late"
"grind",1,"grind","Late"
"grip",1,"grip","Late"
"gripe",1,"gripe","Late"
"grist",1,"grist","Late"
"grit",1,"grit","Late"
"groan",1,"groan","Late"
"groat",1,"groat","Late"
"groin",4,"groan","Late"
"groom",1,"groom","Late"
"grope",1,"grope","Late"
"gross",2,"cross","Late"
"grouch",1,"grouch","Late"
"ground",1,"ground","Late"
"group",1,"group","Late"
"grouse",1,"grouse","Late"
"grow",1,"grow","Late"
"grown",2,"groan","Late"
"growth",1,"growth","Late"
"grub",1,"grub","Late"
"grudge",1,"grudge","Late"
"gruff",1,"gruff","Late"
"grunt",1,"grunt","Late"
"guard",1,"guard","Late"
"guess",2,"geese","Late"
"guest",3,"geese","Late"
"guide",1,"guide","Late"
"guild",1,"guild","Late"
"guile",2,"gill","Late"
"guilt",2,"gilt","Late"
"guise",2,"geese","Late"
"gulf",1,"gulf","Late"
"gull",1,"gull","Late"
"gulp",1,"gulp","Late"
"gum",1,"gum","Late"
"gun",1,"gun","Late"
"gush",1,"gush","Late"
"gust",1,"gust","Late"
"gut",1,"gut","Late"
"gym",1,"gym","Late"
"gyp",1,"gyp","Late"
"hack",1,"hack","Late"
"had",1,"had","Late"
"hag",1,"hag","Late"
"hail",1,"hail","Late"
"hair",3,"hear","Late"
"hale",2,"hail","Late"
"half",7,"hath","Late"
"hall",1,"hall","Late"
"ham",1,"ham","Late"
"hand",1,"hand","Late"
"hang",1,"hang","Late"
"hank",1,"hank","Late"
"hard",1,"hard","Late"
"hare",4,"hear","Late"
"hark",1,"hark","Late"
"harm",1,"harm","Late"
"harp",1,"harp","Late"
"harsh",1,"harsh","Late"
"hart",1,"hart","Late"
"has",1,"has","Late"
"hash",1,"hash","Late"
"haste",1,"haste","Late"
"hat",1,"hat","Late"
"hatch",1,"hatch","Late"
"hate",1,"hate","Late"
"hath",1,"hath","Late"
"haul",11,"hill","Late"
"haunt",5,"ant","Late"
"have",4,"heave","Late"
"hawk",2,"hook","Late"
"haze",1,"haze","Late"
"head",2,"heed","Late"
"heal",1,"heal","Late"
"health",1,"health","Late"
"heap",1,"heap","Late"
"hear",1,"hear","Late"
"hearse",139,"hair","Late"
"heart",4,"hair","Late"
"hearth",3,"hair","Late"
"heave",1,"heave","Late"
"heck",1,"heck","Late"
"hedge",1,"hedge","Late"
"heed",1,"heed","Late"
"heel",2,"heal","Late"
"height",1,"height","Late"
"held",1,"held","Late"
"hell",1,"hell","Late"
"help",1,"help","Late"
"hem",1,"hem","Late"
"hen",1,"hen","Late"
"hence",1,"hence","Late"
"herd",1,"herd","Late"
"here",5,"hair","Late"
"hex",1,"hex","Late"
"hick",1,"hick","Late"
"hid",1,"hid","Late"
"hide",1,"hide","Late"
"hike",1,"hike","Late"
"hill",1,"hill","Late"
"hilt",1,"hilt","Late"
"him",1,"him","Late"
"hind",2,"hint","Late"
"hinge",1,"hinge","Late"
"hint",1,"hint","Late"
"hip",1,"hip","Late"
"hire",1,"hire","Late"
"his",2,"hiss","Late"
"hiss",1,"hiss","Late"
"hit",1,"hit","Late"
"hitch",1,"hitch","Late"
"hive",1,"hive","Late"
"hoarse",1,"hoarse","Late"
"hob",1,"hob","Late"
"hoc",1,"hoc","Late"
"hog",1,"hog","Late"
"hoist",1,"hoist","Late"
"hold",1,"hold","Late"
"hole",1,"hole","Late"
"hone",1,"hone","Late"
"hooch",1,"hooch","Late"
"hood",1,"hood","Late"
"hoof",1,"hoof","Late"
"hoop",1,"hoop","Late"
"hoot",1,"hoot","Late"
"hop",1,"hop","Late"
"hope",1,"hope","Late"
"horn",1,"horn","Late"
"horse",6,"whore","Late"
"hose",1,"hose","Late"
"host",1,"host","Late"
"hot",1,"hot","Late"
"hound",1,"hound","Late"
"house",1,"house","Late"
"howl",26,"hole","Late"
"hub",1,"hub","Late"
"huck",1,"huck","Late"
"hue",4,"chute","Late"
"huff",1,"huff","Late"
"hug",1,"hug","Late"
"huge",98,"hood","Late"
"hulk",1,"hulk","Late"
"hull",1,"hull","Late"
"hum",1,"hum","Late"
"hump",1,"hump","Late"
"hunch",1,"hunch","Late"
"hunk",1,"hunk","Late"
"hunt",1,"hunt","Late"
"hurt",1,"hurt","Late"
"hush",1,"hush","Late"
"hut",1,"hut","Late"
"hymn",2,"him","Late"
"inch",1,"inch","Late"
"ink",1,"ink","Late"
"jab",1,"jab","Late"
"jack",1,"jack","Late"
"jade",1,"jade","Late"
"jail",1,"jail","Late"
"jam",1,"jam","Late"
"jar",1,"jar","Late"
"jazz",1,"jazz","Late"
"jean",2,"gene","Late"
"jeep",1,"jeep","Late"
"jeer",1,"jeer","Late"
"jell",2,"gel","Late"
"jerk",1,"jerk","Late"
"jest",1,"jest","Late"
"jet",1,"jet","Late"
"jig",1,"jig","Late"
"jinx",1,"jinx","Late"
"job",1,"job","Late"
"jock",1,"jock","Late"
"jog",1,"jog","Late"
"join",1,"join","Late"
"joint",1,"joint","Late"
"joke",1,"joke","Late"
"jolt",1,"jolt","Late"
"jot",1,"jot","Late"
"jowl",13,"jolt","Late"
"judge",1,"judge","Late"
"juice",1,"juice","Late"
"juke",1,"juke","Late"
"june",2,"gin","Late"
"junk",1,"junk","Late"
"just",1,"just","Late"
"jute",1,"jute","Late"
"kale",1,"kale","Late"
"keel",1,"keel","Late"
"keen",1,"keen","Late"
"keep",1,"keep","Late"
"keg",1,"keg","Late"
"kelp",1,"kelp","Late"
"ken",1,"ken","Late"
"kept",1,"kept","Late"
"kick",1,"kick","Late"
"kid",1,"kid","Late"
"kill",1,"kill","Late"
"kilt",1,"kilt","Late"
"kin",1,"kin","Late"
"kind",1,"kind","Late"
"king",1,"king","Late"
"kiss",1,"kiss","Late"
"kit",1,"kit","Late"
"kite",1,"kite","Late"
"klan",5,"lad","Late"
"knack",1,"knack","Late"
"knead",1,"knead","Late"
"kneel",1,"kneel","Late"
"knelt",1,"knelt","Late"
"knife",1,"knife","Late"
"knight",1,"knight","Late"
"knit",1,"knit","Late"
"knob",1,"knob","Late"
"knock",1,"knock","Late"
"knoll",1,"knoll","Late"
"knot",1,"knot","Late"
"known",1,"known","Late"
"lace",1,"lace","Late"
"lad",1,"lad","Late"
"lag",1,"lag","Late"
"laid",1,"laid","Late"
"lake",1,"lake","Late"
"lamb",1,"lamb","Late"
"lame",1,"lame","Late"
"lamp",1,"lamp","Late"
"lance",1,"lance","Late"
"land",1,"land","Late"
"lane",1,"lane","Late"
"lapse",1,"lapse","Late"
"lard",1,"lard","Late"
"large",1,"large","Late"
"lark",1,"lark","Late"
"lash",1,"lash","Late"
"lass",1,"lass","Late"
"last",1,"last","Late"
"latch",1,"latch","Late"
"lath",1,"lath","Late"
"lathe",11,"lath","Late"
"laugh",3,"latch","Late"
"launch",1,"launch","Late"
"lawn",1,"lawn","Late"
"lax",1,"lax","Late"
"lead",1,"lead","Late"
"leaf",1,"leaf","Late"
"leak",1,"leak","Late"
"lean",1,"lean","Late"
"leap",1,"leap","Late"
"leapt",5,"least","Late"
"lear",1,"lear","Late"
"learn",1,"learn","Late"
"lease",1,"lease","Late"
"leash",1,"leash","Late"
"least",2,"lest","Late"
"leave",1,"leave","Late"
"ledge",1,"ledge","Late"
"left",1,"left","Late"
"leg",1,"leg","Late"
"lend",1,"lend","Late"
"length",1,"length","Late"
"lens",10,"lent","Late"
"lent",1,"lent","Late"
"less",1,"less","Late"
"lest",1,"lest","Late"
"let",1,"let","Late"
"lice",1,"lice","Late"
"lick",1,"lick","Late"
"lid",1,"lid","Late"
"life",1,"life","Late"
"lift",1,"lift","Late"
"light",1,"light","Late"
"like",1,"like","Late"
"lilt",1,"lilt","Late"
"lime",1,"lime","Late"
"limp",1,"limp","Late"
"line",1,"line","Late"
"link",1,"link","Late"
"lint",1,"lint","Late"
"lip",1,"lip","Late"
"lisle",86,"lilt","Late"
"list",1,"list","Late"
"lit",1,"lit","Late"
"lithe",1,"lithe","Late"
"live",1,"live","Late"
"load",1,"load","Late"
"loaf",1,"loaf","Late"
"loan",1,"loan","Late"
"loath",1,"loath","Late"
"lob",1,"lob","Late"
"lobe",1,"lobe","Late"
"lock",1,"lock","Late"
"lode",2,"load","Late"
"lodge",1,"lodge","Late"
"loft",1,"loft","Late"
"log",3,"lock","Late"
"loin",4,"loan","Late"
"look",1,"look","Late"
"loom",1,"loom","Late"
"loon",1,"loon","Late"
"loop",1,"loop","Late"
"loose",1,"loose","Late"
"loot",1,"loot","Late"
"lop",1,"lop","Late"
"lope",1,"lope","Late"
"lord",1,"lord","Late"
"lore",1,"lore","Late"
"lose",11,"loath","Late"
"loss",1,"loss","Late"
"lost",1,"lost","Late"
"lot",1,"lot","Late"
"loud",1,"loud","Late"
"lounge",1,"lounge","Late"
"loupe",2,"loop","Late"
"louse",1,"louse","Late"
"love",3,"loaf","Late"
"luck",1,"luck","Late"
"lug",1,"lug","Late"
"lull",1,"lull","Late"
"lunch",1,"lunch","Late"
"lung",1,"lung","Late"
"lure",2,"lore","Late"
"lurk",1,"lurk","Late"
"lush",1,"lush","Late"
"lust",1,"lust","Late"
"lute",2,"loot","Late"
"lymph",2,"limb","Late"
"lynch",1,"lynch","Late"
"mad",1,"mad","Late"
"made",1,"made","Late"
"maid",2,"made","Late"
"mail",1,"mail","Late"
"main",1,"main","Late"
"make",1,"make","Late"
"male",2,"mail","Late"
"mall",1,"mall","Late"
"malt",1,"malt","Late"
"man",1,"man","Late"
"mane",2,"main","Late"
"map",1,"map","Late"
"mar",1,"mar","Late"
"march",1,"march","Late"
"mare",1,"mare","Late"
"mark",1,"mark","Late"
"marsh",2,"mar","Late"
"mart",1,"mart","Late"
"mash",1,"mash","Late"
"mask",1,"mask","Late"
"mass",1,"mass","Late"
"mat",1,"mat","Late"
"match",1,"match","Late"
"mate",1,"mate","Late"
"math",1,"math","Late"
"max",1,"max","Late"
"maze",1,"maze","Late"
"mead",1,"mead","Late"
"meal",1,"meal","Late"
"meant",1,"meant","Late"
"meat",1,"meat","Late"
"meek",1,"meek","Late"
"meet",2,"meat","Late"
"meld",1,"meld","Late"
"melt",1,"melt","Late"
"men",1,"men","Late"
"mend",1,"mend","Late"
"mere",12,"mare","Late"
"merge",1,"merge","Late"
"mesh",1,"mesh","Late"
"mess",1,"mess","Late"
"met",1,"met","Late"
"mice",1,"mice","Late"
"mid",1,"mid","Late"
"midst",4,"mist","Late"
"mig",1,"mig","Late"
"mike",1,"mike","Late"
"mil",1,"mil","Late"
"mild",1,"mild","Late"
"milk",3,"mil","Late"
"mill",2,"mil","Late"
"mime",1,"mime","Late"
"mince",1,"mince","Late"
"mine",1,"mine","Late"
"mink",1,"mink","Late"
"mint",1,"mint","Late"
"mirth",2,"mush","Late"
"miss",1,"miss","Late"
"mist",1,"mist","Late"
"mite",1,"mite","Late"
"mitt",1,"mitt","Late"
"mix",1,"mix","Late"
"moan",1,"moan","Late"
"mob",1,"mob","Late"
"mock",1,"mock","Late"
"mode",1,"mode","Late"
"moist",1,"moist","Late"
"mold",1,"mold","Late"
"mole",1,"mole","Late"
"mom",1,"mom","Late"
"mood",1,"mood","Late"
"moon",1,"moon","Late"
"moose",1,"moose","Late"
"moot",1,"moot","Late"
"mop",1,"mop","Late"
"more",1,"more","Late"
"mosk",3,"moss","Late"
"moss",1,"moss","Late"
"most",1,"most","Late"
"moth",1,"moth","Late"
"mould",34,"mil","Late"
"mount",1,"mount","Late"
"mourn",8,"more","Late"
"mouse",1,"mouse","Late"
"mouth",1,"mouth","Late"
"move",2,"mauve","Late"
"much",1,"much","Late"
"muck",1,"muck","Late"
"mud",1,"mud","Late"
"muff",1,"muff","Late"
"mug",1,"mug","Late"
"mulch",1,"mulch","Late"
"mule",10,"mall","Late"
"mum",1,"mum","Late"
"munch",1,"munch","Late"
"muse",17,"moose","Late"
"mush",1,"mush","Late"
"must",1,"must","Late"
"mute",13,"moot","Late"
"myth",1,"myth","Late"
"nab",1,"nab","Late"
"nail",1,"nail","Late"
"name",1,"name","Late"
"nap",1,"nap","Late"
"naught",3,"knot","Late"
"near",1,"near","Late"
"neat",1,"neat","Late"
"neck",1,"neck","Late"
"nerve",1,"nerve","Late"
"nest",1,"nest","Late"
"net",1,"net","Late"
"news",5,"naught","Late"
"newt",2,"naught","Late"
"next",1,"next","Late"
"nice",1,"nice","Late"
"niche",1,"niche","Late"
"nick",1,"nick","Late"
"niece",1,"niece","Late"
"night",2,"knight","Late"
"nil",1,"nil","Late"
"nine",1,"nine","Late"
"ninth",11,"nil","Late"
"nip",1,"nip","Late"
"nix",1,"nix","Late"
"nod",1,"nod","Late"
"node",1,"node","Late"
"noise",1,"noise","Late"
"non",1,"non","Late"
"nonce",1,"nonce","Late"
"none",24,"known","Late"
"nook",1,"nook","Late"
"noon",1,"noon","Late"
"noose",1,"noose","Late"
"nope",1,"nope","Late"
"nor",1,"nor","Late"
"norm",1,"norm","Late"
"north",2,"nor","Late"
"nose",1,"nose","Late"
"not",2,"knot","Late"
"notch",1,"notch","Late"
"note",1,"note","Late"
"noun",1,"noun","Late"
"nude",1,"nude","Late"
"nudge",1,"nudge","Late"
"numb",1,"numb","Late"
"nun",2,"none","Late"
"nut",1,"nut","Late"
"nymph",1,"nymph","Late"
"oft",1,"oft","Late"
"old",1,"old","Late"
"once",1,"once","Late"
"one",149,"sewn","Late"
"oops",1,"oops","Late"
"orb",1,"orb","Late"
"ounce",1,"ounce","Late"
"oust",1,"oust","Late"
"pace",1,"pace","Late"
"pack",1,"pack","Late"
"pact",3,"pat","Late"
"pad",1,"pad","Late"
"page",1,"page","Late"
"paid",1,"paid","Late"
"pail",1,"pail","Late"
"pain",1,"pain","Late"
"paint",1,"paint","Late"
"pair",3,"peer","Late"
"pal",1,"pal","Late"
"pale",2,"pail","Late"
"pall",3,"pool","Late"
"palm",2,"pall","Late"
"pan",1,"pan","Late"
"pane",2,"pain","Late"
"pang",2,"pan","Late"
"pant",1,"pant","Late"
"pap",1,"pap","Late"
"par",1,"par","Late"
"pare",2,"pair","Late"
"park",1,"park","Late"
"part",1,"part","Late"
"pass",1,"pass","Late"
"past",1,"past","Late"
"paste",1,"paste","Late"
"pat",1,"pat","Late"
"patch",1,"patch","Late"
"pate",1,"pate","Late"
"path",1,"path","Late"
"pause",29,"piss","Late"
"pave",1,"pave","Late"
"peace",1,"peace","Late"
"peach",1,"peach","Late"
"peal",1,"peal","Late"
"pear",6,"peer","Late"
"pearl",1,"pearl","Late"
"peck",1,"peck","Late"
"peel",2,"peal","Late"
"peep",1,"peep","Late"
"peer",1,"peer","Late"
"peg",1,"peg","Late"
"pelt",1,"pelt","Late"
"pen",1,"pen","Late"
"perk",1,"perk","Late"
"pert",1,"pert","Late"
"pest",1,"pest","Late"
"pet",1,"pet","Late"
"pew",18,"boot","Late"
"phase",3,"face","Late"
"phone",1,"phone","Late"
"phrase",1,"phrase","Late"
"piece",2,"peace","Late"
"pier",2,"peer","Late"
"pierce",1,"pierce","Late"
"pig",1,"pig","Late"
"pike",1,"pike","Late"
"pile",1,"pile","Late"
"pill",1,"pill","Late"
"pimp",1,"pimp","Late"
"pin",1,"pin","Late"
"pinch",1,"pinch","Late"
"pine",1,"pine","Late"
"pink",1,"pink","Late"
"pip",1,"pip","Late"
"piss",1,"piss","Late"
"pit",1,"pit","Late"
"pitch",1,"pitch","Late"
"pith",1,"pith","Late"
"place",2,"play","Late"
"plaid",20,"plate","Late"
"plain",1,"plain","Late"
"plan",1,"plan","Late"
"plane",2,"plain","Late"
"plant",1,"plant","Late"
"plate",1,"plate","Late"
"play",1,"play","Late"
"plea",1,"plea","Late"
"plead",1,"plead","Late"
"please",1,"please","Late"
"pleat",1,"pleat","Late"
"pledge",1,"pledge","Late"
"plight",1,"plight","Late"
"plod",1,"plod","Late"
"plot",1,"plot","Late"
"plough",1,"plough","Late"
"plow",12,"blow","Late"
"pluck",1,"pluck","Late"
"plug",1,"plug","Late"
"plum",1,"plum","Late"
"plumb",2,"plum","Late"
"plume",3,"plum","Late"
"plump",1,"plump","Late"
"plus",1,"plus","Late"
"plush",1,"plush","Late"
"poach",1,"poach","Late"
"pod",1,"pod","Late"
"point",1,"point","Late"
"poise",1,"poise","Late"
"poke",1,"poke","Late"
"pole",1,"pole","Late"
"poll",2,"pole","Late"
"pomp",1,"pomp","Late"
"pond",1,"pond","Late"
"pons",16,"pall","Late"
"pool",1,"pool","Late"
"poor",1,"poor","Late"
"pope",1,"pope","Late"
"porch",2,"par","Late"
"pork",7,"pour","Late"
"port",1,"port","Late"
"pose",1,"pose","Late"
"posh",1,"posh","Late"
"post",1,"post","Late"
"pot",1,"pot","Late"
"pouch",1,"pouch","Late"
"pound",1,"pound","Late"
"pour",2,"par","Late"
"pout",1,"pout","Late"
"praise",1,"praise","Late"
"prank",1,"prank","Late"
"pray",1,"pray","Late"
"preach",1,"preach","Late"
"prep",1,"prep","Late"
"prey",2,"pray","Late"
"price",1,"price","Late"
"prick",1,"prick","Late"
"pride",1,"pride","Late"
"priest",1,"priest","Late"
"prim",1,"prim","Late"
"prime",1,"prime","Late"
"prince",1,"prince","Late"
"print",1,"print","Late"
"prize",1,"prize","Late"
"pro",1,"pro","Late"
"probe",1,"probe","Late"
"prod",1,"prod","Late"
"prompt",1,"prompt","Late"
"prone",1,"prone","Late"
"proof",1,"proof","Late"
"prop",1,"prop","Late"
"prose",1,"prose","Late"
"proud",1,"proud","Late"
"prove",1,"prove","Late"
"prow",10,"pro","Late"
"prowl",9,"role","Late"
"pry",1,"pry","Late"
"puck",1,"puck","Late"
"puff",1,"puff","Late"
"puke",26,"weak","Late"
"pull",1,"pull","Late"
"pulp",1,"pulp","Late"
"pulse",1,"pulse","Late"
"pump",1,"pump","Late"
"pun",1,"pun","Late"
"punk",1,"punk","Late"
"punt",1,"punt","Late"
"pup",1,"pup","Late"
"pure",72,"war","Late"
"purge",1,"purge","Late"
"purse",1,"purse","Late"
"pus",1,"pus","Late"
"put",13,"putt","Late"
"putt",1,"putt","Late"
"pyre",1,"pyre","Late"
"quack",1,"quack","Late"
"quake",1,"quake","Late"
"quart",1,"quart","Late"
"quartz",1,"quartz","Late"
"queen",1,"queen","Late"
"queer",1,"queer","Late"
"quell",1,"quell","Late"
"quench",1,"quench","Late"
"quest",1,"quest","Late"
"queue",3,"queen","Late"
"quick",1,"quick","Late"
"quill",1,"quill","Late"
"quince",1,"quince","Late"
"quirk",1,"quirk","Late"
"quit",1,"quit","Late"
"quite",1,"quite","Late"
"quiz",1,"quiz","Late"
"quo",1,"quo","Late"
"quote",1,"quote","Late"
"race",1,"race","Late"
"rack",1,"rack","Late"
"raft",1,"raft","Late"
"rag",1,"rag","Late"
"rage",1,"rage","Late"
"raid",1,"raid","Late"
"rail",1,"rail","Late"
"rain",1,"rain","Late"
"raise",1,"raise","Late"
"rake",1,"rake","Late"
"ramp",1,"ramp","Late"
"ran",1,"ran","Late"
"ranch",1,"ranch","Late"
"range",3,"ranch","Late"
"rank",1,"rank","Late"
"rant",1,"rant","Late"
"rap",1,"rap","Late"
"rape",1,"rape","Late"
"rapt",1,"rapt","Late"
"rare",2,"rear","Late"
"rash",1,"rash","Late"
"rat",1,"rat","Late"
"rate",1,"rate","Late"
"rave",1,"rave","Late"
"reach",1,"reach","Late"
"read",2,"reed","Late"
"real",1,"real","Late"
"realm",1,"realm","Late"
"ream",1,"ream","Late"
"reap",1,"reap","Late"
"rear",1,"rear","Late"
"red",2,"read","Late"
"reed",1,"reed","Late"
"reef",1,"reef","Late"
"reek",1,"reek","Late"
"reel",2,"real","Late"
"ref",1,"ref","Late"
"reign",2,"rain","Late"
"rein",3,"rain","Late"
"rent",1,"rent","Late"
"rest",1,"rest","Late"
"rev",1,"rev","Late"
"rhyme",1,"rhyme","Late"
"rib",1,"rib","Late"
"rice",1,"rice","Late"
"rich",2,"writhe","Late"
"ride",1,"ride","Late"
"ridge",1,"ridge","Late"
"rift",1,"rift","Late"
"rig",1,"rig","Late"
"right",1,"right","Late"
"rile",1,"rile","Late"
"rim",1,"rim","Late"
"rind",1,"rind","Late"
"ring",1,"ring","Late"
"rink",1,"rink","Late"
"rinse",1,"rinse","Late"
"rip",1,"rip","Late"
"ripe",1,"ripe","Late"
"rise",2,"rice","Late"
"risk",1,"risk","Late"
"rite",2,"right","Late"
"roach",1,"roach","Late"
"road",1,"road","Late"
"roam",1,"roam","Late"
"roar",1,"roar","Late"
"roast",1,"roast","Late"
"rob",1,"rob","Late"
"robe",1,"robe","Late"
"rock",1,"rock","Late"
"rod",1,"rod","Late"
"rode",2,"road","Late"
"role",1,"role","Late"
"roll",2,"role","Late"
"romp",1,"romp","Late"
"roof",1,"roof","Late"
"rook",1,"rook","Late"
"room",1,"room","Late"
"roost",1,"roost","Late"
"root",1,"root","Late"
"rope",1,"rope","Late"
"rose",1,"rose","Late"
"rot",1,"rot","Late"
"rouge",1,"rouge","Late"
"rough",1,"rough","Late"
"round",1,"round","Late"
"rouse",1,"rouse","Late"
"rout",1,"rout","Late"
"rove",1,"rove","Late"
"rub",1,"rub","Late"
"rude",1,"rude","Late"
"rug",1,"rug","Late"
"rule",1,"rule","Late"
"rum",1,"rum","Late"
"rung",1,"rung","Late"
"ruse",1,"ruse","Late"
"rush",1,"rush","Late"
"rust",1,"rust","Late"
"rut",1,"rut","Late"
"sack",1,"sack","Late"
"sad",1,"sad","Late"
"safe",1,"safe","Late"
"sag",1,"sag","Late"
"sage",1,"sage","Late"
"said",17,"side","Late"
"sail",1,"sail","Late"
"saint",1,"saint","Late"
"sake",1,"sake","Late"
"sale",2,"sail","Late"
"salt",1,"salt","Late"
"salve",2,"solve","Late"
"same",1,"same","Late"
"sand",1,"sand","Late"
"sane",1,"sane","Late"
"sang",1,"sang","Late"
"sank",1,"sank","Late"
"sap",1,"sap","Late"
"sat",1,"sat","Late"
"sauce",12,"cease","Late"
"save",1,"save","Late"
"scald",1,"scald","Late"
"scale",1,"scale","Late"
"scant",4,"ant","Late"
"scar",1,"scar","Late"
"scarce",22,"car","Late"
"scare",1,"scare","Late"
"scarf",5,"scar","Late"
"scene",1,"scene","Late"
"scent",3,"tent","Late"
"scheme",21,"team","Late"
"schnook",2,"nook","Late"
"school",5,"cool","Late"
"scope",1,"scope","Late"
"score",1,"score","Late"
"scorn",5,"corn","Late"
"scotch",1,"scotch","Late"
"scour",18,"scar","Late"
"scourge",1,"scourge","Late"
"scrap",1,"scrap","Late"
"scrape",1,"scrape","Late"
"scratch",1,"scratch","Late"
"scream",1,"scream","Late"
"screech",1,"screech","Late"
"screen",1,"screen","Late"
"screw",1,"screw","Late"
"scribe",1,"scribe","Late"
"script",1,"script","Late"
"scrub",1,"scrub","Late"
"scuff",1,"scuff","Late"
"seam",1,"seam","Late"
"sear",1,"sear","Late"
"search",1,"search","Late"
"seat",1,"seat","Late"
"sect",3,"set","Late"
"seed",1,"seed","Late"
"seek",1,"seek","Late"
"seem",2,"seam","Late"
"seen",2,"scene","Late"
"seep",1,"seep","Late"
"seize",1,"seize","Late"
"self",3,"sell","Late"
"sell",1,"sell","Late"
"send",1,"send","Late"
"sense",1,"sense","Late"
"sent",3,"cent","Late"
"serf",1,"serf","Late"
"serge",1,"serge","Late"
"serve",1,"serve","Late"
"set",1,"set","Late"
"sewn",13,"song","Late"
"sex",1,"sex","Late"
"shack",1,"shack","Late"
"shaft",1,"shaft","Late"
"shag",1,"shag","Late"
"shake",1,"shake","Late"
"shall",2,"shawl","Late"
"sham",1,"sham","Late"
"shame",1,"shame","Late"
"shank",1,"shank","Late"
"shape",1,"shape","Late"
"shard",1,"shard","Late"
"share",1,"share","Late"
"shark",1,"shark","Late"
"sharp",1,"sharp","Late"
"shave",1,"shave","Late"
"shawl",1,"shawl","Late"
"sheaf",1,"sheaf","Late"
"shear",1,"shear","Late"
"sheath",1,"sheath","Late"
"shed",1,"shed","Late"
"sheen",1,"sheen","Late"
"sheep",1,"sheep","Late"
"sheer",2,"shear","Late"
"sheet",1,"sheet","Late"
"sheik",2,"chic","Late"
"shelf",3,"shell","Late"
"shell",1,"shell","Late"
"shield",1,"shield","Late"
"shift",1,"shift","Late"
"shill",1,"shill","Late"
"shim",1,"shim","Late"
"shin",1,"shin","Late"
"shine",1,"shine","Late"
"ship",1,"ship","Late"
"shirt",1,"shirt","Late"
"shit",1,"shit","Late"
"shock",1,"shock","Late"
"shod",1,"shod","Late"
"shone",1,"shone","Late"
"shook",1,"shook","Late"
"shoot",2,"chute","Late"
"shop",1,"shop","Late"
"short",1,"short","Late"
"shot",1,"shot","Late"
"should",1,"should","Late"
"shout",1,"shout","Late"
"shove",1,"shove","Late"
"shown",2,"shone","Late"
"shred",1,"shred","Late"
"shrewd",5,"shred","Late"
"shriek",1,"shriek","Late"
"shrill",1,"shrill","Late"
"shrimp",1,"shrimp","Late"
"shrine",1,"shrine","Late"
"shrink",1,"shrink","Late"
"shrub",1,"shrub","Late"
"shrug",1,"shrug","Late"
"shun",1,"shun","Late"
"shunt",1,"shunt","Late"
"shut",1,"shut","Late"
"sick",1,"sick","Late"
"side",1,"side","Late"
"siege",1,"siege","Late"
"sieve",1,"sieve","Late"
"sight",2,"cite","Late"
"sign",2,"sin","Late"
"silk",2,"sill","Late"
"sill",1,"sill","Late"
"sin",1,"sin","Late"
"since",1,"since","Late"
"sine",2,"sign","Late"
"sing",1,"sing","Late"
"sink",1,"sink","Late"
"sip",1,"sip","Late"
"sit",1,"sit","Late"
"site",3,"cite","Late"
"six",1,"six","Late"
"sixth",2,"six","Late"
"size",1,"size","Late"
"skate",1,"skate","Late"
"skeet",1,"skeet","Late"
"sketch",1,"sketch","Late"
"ski",1,"ski","Late"
"skid",2,"skit","Late"
"skiff",1,"skiff","Late"
"skill",1,"skill","Late"
"skin",1,"skin","Late"
"skip",1,"skip","Late"
"skirt",1,"skirt","Late"
"skit",1,"skit","Late"
"skulk",2,"skull","Late"
"skull",1,"skull","Late"
"skunk",1,"skunk","Late"
"slab",1,"slab","Late"
"slack",1,"slack","Late"
"slang",1,"slang","Late"
"slant",1,"slant","Late"
"slap",1,"slap","Late"
"slash",1,"slash","Late"
"slat",1,"slat","Late"
"slate",1,"slate","Late"
"slave",1,"slave","Late"
"sleep",1,"sleep","Late"
"sleet",1,"sleet","Late"
"sleeve",1,"sleeve","Late"
"sleight",3,"sleet","Late"
"slept",2,"leapt","Late"
"slice",1,"slice","Late"
"slick",1,"slick","Late"
"slid",1,"slid","Late"
"slide",1,"slide","Late"
"slight",3,"sly","Late"
"sling",1,"sling","Late"
"slip",1,"slip","Late"
"slit",1,"slit","Late"
"slob",1,"slob","Late"
"sloe",1,"sloe","Late"
"sloop",1,"sloop","Late"
"slop",1,"slop","Late"
"slope",1,"slope","Late"
"slot",1,"slot","Late"
"slouch",1,"slouch","Late"
"slough",1,"slough","Late"
"slow",2,"sloe","Late"
"sludge",1,"sludge","Late"
"slug",1,"slug","Late"
"sluice",3,"slit","Late"
"slum",1,"slum","Late"
"slump",1,"slump","Late"
"slung",1,"slung","Late"
"sly",1,"sly","Late"
"smack",1,"smack","Late"
"small",1,"small","Late"
"smart",1,"smart","Late"
"smash",1,"smash","Late"
"smear",1,"smear","Late"
"smell",1,"smell","Late"
"smelt",1,"smelt","Late"
"smile",1,"smile","Late"
"smirk",2,"spur","Late"
"smog",1,"smog","Late"
"smoke",1,"smoke","Late"
"smooth",1,"smooth","Late"
"smug",1,"smug","Late"
"snack",1,"snack","Late"
"snag",1,"snag","Late"
"snail",1,"snail","Late"
"snake",1,"snake","Late"
"snap",1,"snap","Late"
"snare",1,"snare","Late"
"snatch",1,"snatch","Late"
"sneak",1,"sneak","Late"
"sneer",1,"sneer","Late"
"sniff",1,"sniff","Late"
"snip",1,"snip","Late"
"snob",1,"snob","Late"
"snoop",1,"snoop","Late"
"snort",1,"snort","Late"
"snout",1,"snout","Late"
"snow",1,"snow","Late"
"snuck",1,"snuck","Late"
"snug",1,"snug","Late"
"soak",1,"soak","Late"
"soap",1,"soap","Late"
"sob",1,"sob","Late"
"sock",1,"sock","Late"
"sod",1,"sod","Late"
"soft",1,"soft","Late"
"soil",1,"soil","Late"
"sold",1,"sold","Late"
"sole",1,"sole","Late"
"solve",1,"solve","Late"
"some",11,"sewn","Late"
"son",1,"son","Late"
"song",1,"song","Late"
"soon",1,"soon","Late"
"soot",2,"suit","Late"
"soothe",1,"soothe","Late"
"sop",1,"sop","Late"
"sore",1,"sore","Late"
"sort",1,"sort","Late"
"sought",1,"sought","Late"
"soul",2,"sole","Late"
"sound",1,"sound","Late"
"soup",2,"sop","Late"
"sour",6,"sore","Late"
"source",1,"source","Late"
"south",1,"south","Late"
"spa",1,"spa","Late"
"space",1,"space","Late"
"spade",1,"spade","Late"
"span",1,"span","Late"
"spare",1,"spare","Late"
"spark",5,"par","Late"
"sparse",1,"sparse","Late"
"spat",1,"spat","Late"
"spate",1,"spate","Late"
"speak",1,"speak","Late"
"spear",1,"spear","Late"
"speck",1,"speck","Late"
"sped",1,"sped","Late"
"speech",1,"speech","Late"
"speed",1,"speed","Late"
"spell",1,"spell","Late"
"spend",1,"spend","Late"
"spent",1,"spent","Late"
"sphere",49,"share","Late"
"sphinx",5,"fink","Late"
"spice",1,"spice","Late"
"spike",1,"spike","Late"
"spill",1,"spill","Late"
"spin",1,"spin","Late"
"spine",1,"spine","Late"
"spire",1,"spire","Late"
"spit",1,"spit","Late"
"splash",1,"splash","Late"
"spleen",1,"spleen","Late"
"splice",1,"splice","Late"
"split",1,"split","Late"
"splurge",1,"splurge","Late"
"spoil",1,"spoil","Late"
"spoke",1,"spoke","Late"
"spoof",1,"spoof","Late"
"spook",1,"spook","Late"
"spool",1,"spool","Late"
"spoon",1,"spoon","Late"
"sport",1,"sport","Late"
"spot",1,"spot","Late"
"spouse",1,"spouse","Late"
"sprang",1,"sprang","Late"
"sprawl",1,"sprawl","Late"
"spray",1,"spray","Late"
"spread",1,"spread","Late"
"spree",1,"spree","Late"
"spring",1,"spring","Late"
"sprite",1,"sprite","Late"
"sprung",1,"sprung","Late"
"spur",1,"spur","Late"
"spurt",2,"spur","Late"
"spy",1,"spy","Late"
"squad",1,"squad","Late"
"squall",1,"squall","Late"
"square",1,"square","Late"
"squash",1,"squash","Late"
"squat",1,"squat","Late"
"squawk",1,"squawk","Late"
"squeak",1,"squeak","Late"
"squeal",1,"squeal","Late"
"squeeze",1,"squeeze","Late"
"squint",1,"squint","Late"
"squire",1,"squire","Late"
"squirt",1,"squirt","Late"
"stab",1,"stab","Late"
"stack",1,"stack","Late"
"staff",1,"staff","Late"
"stag",1,"stag","Late"
"stage",2,"stay","Late"
"staid",1,"staid","Late"
"stain",1,"stain","Late"
"stair",1,"stair","Late"
"stake",1,"stake","Late"
"stale",1,"stale","Late"
"stalk",21,"stock","Late"
"stall",1,"stall","Late"
"stamp",1,"stamp","Late"
"stance",1,"stance","Late"
"stanch",1,"stanch","Late"
"stand",1,"stand","Late"
"star",1,"star","Late"
"starch",1,"starch","Late"
"stare",2,"stair","Late"
"stark",2,"star","Late"
"start",1,"start","Late"
"starve",3,"star","Late"
"staunch",1,"staunch","Late"
"stave",1,"stave","Late"
"stay",1,"stay","Late"
"stead",2,"steed","Late"
"steak",6,"stick","Late"
"steal",1,"steal","Late"
"stealth",1,"stealth","Late"
"steam",1,"steam","Late"
"steed",1,"steed","Late"
"steel",2,"steal","Late"
"steep",1,"steep","Late"
"stem",1,"stem","Late"
"stench",1,"stench","Late"
"step",1,"step","Late"
"stew",1,"stew","Late"
"stick",1,"stick","Late"
"stiff",1,"stiff","Late"
"still",1,"still","Late"
"stilt",1,"stilt","Late"
"sting",1,"sting","Late"
"stink",1,"stink","Late"
"stint",1,"stint","Late"
"stir",1,"stir","Late"
"stitch",1,"stitch","Late"
"stock",1,"stock","Late"
"stole",1,"stole","Late"
"stone",1,"stone","Late"
"stood",1,"stood","Late"
"stool",1,"stool","Late"
"stoop",1,"stoop","Late"
"stop",1,"stop","Late"
"store",1,"store","Late"
"stork",11,"store","Late"
"storm",1,"storm","Late"
"stout",1,"stout","Late"
"stove",1,"stove","Late"
"stow",1,"stow","Late"
"strafe",1,"strafe","Late"
"straight",1,"straight","Late"
"strain",1,"strain","Late"
"strait",2,"straight","Late"
"strand",1,"strand","Late"
"strange",1,"strange","Late"
"strap",1,"strap","Late"
"straw",1,"straw","Late"
"stray",1,"stray","Late"
"stream",1,"stream","Late"
"street",1,"street","Late"
"strength",1,"strength","Late"
"stress",1,"stress","Late"
"stretch",1,"stretch","Late"
"strewn",1,"strewn","Late"
"strict",1,"strict","Late"
"stride",1,"stride","Late"
"strife",1,"strife","Late"
"strike",1,"strike","Late"
"string",1,"string","Late"
"strip",1,"strip","Late"
"stripe",1,"stripe","Late"
"strive",1,"strive","Late"
"stroke",1,"stroke","Late"
"stroll",1,"stroll","Late"
"strong",1,"strong","Late"
"strove",1,"strove","Late"
"struck",1,"struck","Late"
"strung",1,"strung","Late"
"strut",1,"strut","Late"
"stub",1,"stub","Late"
"stuck",1,"stuck","Late"
"stud",1,"stud","Late"
"stuff",1,"stuff","Late"
"stump",1,"stump","Late"
"stung",1,"stung","Late"
"stunk",1,"stunk","Late"
"stunt",1,"stunt","Late"
"style",1,"style","Late"
"suave",33,"sieve","Late"
"sub",1,"sub","Late"
"such",1,"such","Late"
"suck",1,"suck","Late"
"suede",209,"weed","Late"
"suit",4,"sit","Late"
"suite",17,"cease","Late"
"sulk",1,"sulk","Late"
"sum",2,"some","Late"
"sun",2,"son","Late"
"sunk",1,"sunk","Late"
"sup",1,"sup","Late"
"sure",5,"sore","Late"
"surf",2,"serf","Late"
"surge",2,"serge","Late"
"svelte",1,"svelte","Late"
"swam",1,"swam","Late"
"swamp",1,"swamp","Late"
"swan",1,"swan","Late"
"swank",2,"swing","Late"
"swap",1,"swap","Late"
"swarm",1,"swarm","Late"
"swath",1,"swath","Late"
"sway",1,"sway","Late"
"swear",1,"swear","Late"
"sweat",4,"suite","Late"
"sweep",1,"sweep","Late"
"sweet",2,"suite","Late"
"swell",1,"swell","Late"
"swept",2,"wept","Late"
"swerve",1,"swerve","Late"
"swift",1,"swift","Late"
"swig",1,"swig","Late"
"swim",1,"swim","Late"
"swine",1,"swine","Late"
"swing",1,"swing","Late"
"swipe",1,"swipe","Late"
"swirl",1,"swirl","Late"
"swoop",1,"swoop","Late"
"sword",36,"swore","Late"
"swore",1,"swore","Late"
"sworn",1,"sworn","Late"
"swum",1,"swum","Late"
"swung",1,"swung","Late"
"tab",1,"tab","Late"
"tack",1,"tack","Late"
"tact",1,"tact","Late"
"tag",1,"tag","Late"
"tail",1,"tail","Late"
"taint",1,"taint","Late"
"take",1,"take","Late"
"tale",2,"tail","Late"
"tall",1,"tall","Late"
"tame",1,"tame","Late"
"tamp",1,"tamp","Late"
"tan",1,"tan","Late"
"tang",1,"tang","Late"
"tank",1,"tank","Late"
"tap",1,"tap","Late"
"tape",1,"tape","Late"
"tart",1,"tart","Late"
"task",1,"task","Late"
"taste",1,"taste","Late"
"taught",1,"taught","Late"
"taunt",3,"tint","Late"
"taut",20,"kit","Late"
"tax",1,"tax","Late"
"teak",1,"teak","Late"
"team",1,"team","Late"
"tear",1,"tear","Late"
"tease",1,"tease","Late"
"tech",1,"tech","Late"
"teen",1,"teen","Late"
"teeth",1,"teeth","Late"
"tell",1,"tell","Late"
"tempt",1,"tempt","Late"
"ten",1,"ten","Late"
"tend",1,"tend","Late"
"tense",1,"tense","Late"
"tent",1,"tent","Late"
"tenth",2,"ten","Late"
"term",1,"term","Late"
"terse",2,"turn","Late"
"test",1,"test","Late"
"text",1,"text","Late"
"than",1,"than","Late"
"thank",1,"thank","Late"
"that",1,"that","Late"
"theft",1,"theft","Late"
"their",1,"their","Late"
"them",1,"them","Late"
"theme",2,"them","Late"
"then",1,"then","Late"
"thence",1,"thence","Late"
"there",2,"their","Late"
"these",1,"these","Late"
"thick",1,"thick","Late"
"thief",1,"thief","Late"
"thin",1,"thin","Late"
"thine",1,"thine","Late"
"thing",1,"thing","Late"
"think",1,"think","Late"
"third",1,"third","Late"
"thirst",1,"thirst","Late"
"this",1,"this","Late"
"thong",1,"thong","Late"
"thorn",1,"thorn","Late"
"those",1,"those","Late"
"thought",1,"thought","Late"
"thrash",1,"thrash","Late"
"thread",1,"thread","Late"
"threat",2,"three","Late"
"threw",1,"threw","Late"
"thrice",1,"thrice","Late"
"thrift",1,"thrift","Late"
"thrill",1,"thrill","Late"
"thrive",1,"thrive","Late"
"throat",1,"throat","Late"
"throne",1,"throne","Late"
"throng",1,"throng","Late"
"through",2,"threw","Late"
"throw",1,"throw","Late"
"thrown",2,"throne","Late"
"thru",3,"threw","Late"
"thrush",1,"thrush","Late"
"thrust",1,"thrust","Late"
"thud",1,"thud","Late"
"thug",1,"thug","Late"
"thumb",1,"thumb","Late"
"thump",1,"thump","Late"
"thus",1,"thus","Late"
"thwart",1,"thwart","Late"
"tick",1,"tick","Late"
"tide",1,"tide","Late"
"tight",1,"tight","Late"
"tile",1,"tile","Late"
"till",1,"till","Late"
"tilt",1,"tilt","Late"
"time",1,"time","Late"
"tin",1,"tin","Late"
"tint",1,"tint","Late"
"tip",1,"tip","Late"
"tire",1,"tire","Late"
"toad",1,"toad","Late"
"toast",1,"toast","Late"
"toil",1,"toil","Late"
"told",1,"told","Late"
"tomb",1,"tomb","Late"
"tome",1,"tome","Late"
"ton",1,"ton","Late"
"tone",1,"tone","Late"
"tong",1,"tong","Late"
"tongue",1,"tongue","Late"
"took",1,"took","Late"
"tool",1,"tool","Late"
"toot",1,"toot","Late"
"tooth",1,"tooth","Late"
"top",1,"top","Late"
"torch",1,"torch","Late"
"tore",1,"tore","Late"
"torn",2,"tore","Late"
"torque",1,"torque","Late"
"toss",1,"toss","Late"
"tote",1,"tote","Late"
"touch",1,"touch","Late"
"tough",1,"tough","Late"
"tour",3,"tore","Late"
"tout",1,"tout","Late"
"town",38,"tone","Late"
"trace",1,"trace","Late"
"track",1,"track","Late"
"tract",1,"tract","Late"
"trail",1,"trail","Late"
"trait",1,"trait","Late"
"tramp",1,"tramp","Late"
"trap",1,"trap","Late"
"tray",1,"tray","Late"
"tread",1,"tread","Late"
"treat",1,"treat","Late"
"tree",1,"tree","Late"
"trench",2,"wren","Late"
"trend",1,"trend","Late"
"trial",152,"trill","Late"
"tribe",1,"tribe","Late"
"trick",1,"trick","Late"
"trig",2,"trick","Late"
"trill",1,"trill","Late"
"trim",1,"trim","Late"
"tripe",1,"tripe","Late"
"trite",1,"trite","Late"
"troll",1,"troll","Late"
"troop",1,"troop","Late"
"trot",1,"trot","Late"
"trough",1,"trough","Late"
"troup",2,"troop","Late"
"troupe",3,"troop","Late"
"trout",1,"trout","Late"
"truce",3,"tree","Late"
"truck",1,"truck","Late"
"true",1,"true","Late"
"trump",1,"trump","Late"
"trunk",1,"trunk","Late"
"trust",1,"trust","Late"
"truth",6,"rush","Late"
"try",1,"try","Late"
"tryst",1,"tryst","Late"
"tsar",2,"czar","Late"
"tub",1,"tub","Late"
"tube",1,"tube","Late"
"tuck",1,"tuck","Late"
"tug",1,"tug","Late"
"tune",1,"tune","Late"
"turf",1,"turf","Late"
"turn",1,"turn","Late"
"tusk",1,"tusk","Late"
"twain",1,"twain","Late"
"tweed",1,"tweed","Late"
"twelfth",1,"twelfth","Late"
"twelve",1,"twelve","Late"
"twice",1,"twice","Late"
"twin",1,"twin","Late"
"twinge",2,"twin","Late"
"twist",1,"twist","Late"
"twitch",3,"which","Late"
"type",1,"type","Late"
"use",1,"use","Late"
"vail",1,"vail","Late"
"vain",1,"vain","Late"
"vale",2,"vail","Late"
"valve",1,"valve","Late"
"van",1,"van","Late"
"vase",1,"vase","Late"
"vast",1,"vast","Late"
"vault",1,"vault","Late"
"veal",1,"veal","Late"
"veer",1,"veer","Late"
"veil",3,"vail","Late"
"vein",2,"vain","Late"
"verge",1,"verge","Late"
"verse",1,"verse","Late"
"vest",1,"vest","Late"
"vet",1,"vet","Late"
"vex",1,"vex","Late"
"vice",1,"vice","Late"
"view",2,"few","Late"
"vile",1,"vile","Late"
"vine",1,"vine","Late"
"vise",2,"vice","Late"
"voice",1,"voice","Late"
"volt",1,"volt","Late"
"vote",1,"vote","Late"
"vouch",1,"vouch","Late"
"vue",26,"pew","Late"
"wad",1,"wad","Late"
"wade",1,"wade","Late"
"wag",1,"wag","Late"
"wail",1,"wail","Late"
"waist",1,"waist","Late"
"waive",1,"waive","Late"
"wake",1,"wake","Late"
"walk",5,"watt","Late"
"wall",1,"wall","Late"
"waltz",1,"waltz","Late"
"wan",1,"wan","Late"
"wand",1,"wand","Late"
"wane",1,"wane","Late"
"want",1,"want","Late"
"war",1,"war","Late"
"ward",1,"ward","Late"
"ware",1,"ware","Late"
"warm",1,"warm","Late"
"warmth",1,"warmth","Late"
"warp",1,"warp","Late"
"was",1,"was","Late"
"wash",1,"wash","Late"
"wasp",1,"wasp","Late"
"waste",2,"waist","Late"
"watch",1,"watch","Late"
"wave",2,"waive","Late"
"wax",1,"wax","Late"
"weak",1,"weak","Late"
"wealth",1,"wealth","Late"
"wear",2,"ware","Late"
"weave",1,"weave","Late"
"web",1,"web","Late"
"wed",1,"wed","Late"
"wedge",1,"wedge","Late"
"weed",1,"weed","Late"
"week",2,"weak","Late"
"weep",1,"weep","Late"
"weight",1,"weight","Late"
"welch",2,"well","Late"
"weld",2,"welt","Late"
"well",1,"well","Late"
"welt",1,"welt","Late"
"went",1,"went","Late"
"wept",1,"wept","Late"
"west",1,"west","Late"
"wet",1,"wet","Late"
"whack",1,"whack","Late"
"wharf",17,"war","Late"
"what",4,"watt","Late"
"wheel",1,"wheel","Late"
"when",1,"when","Late"
"whence",1,"whence","Late"
"where",3,"ware","Late"
"which",1,"which","Late"
"whiff",1,"whiff","Late"
"whig",1,"whig","Late"
"while",1,"while","Late"
"whim",1,"whim","Late"
"whine",1,"whine","Late"
"whip",1,"whip","Late"
"whirl",1,"whirl","Late"
"whole",2,"hole","Late"
"whom",4,"hum","Late"
"whoop",1,"whoop","Late"
"whoosh",1,"whoosh","Late"
"whore",8,"war","Late"
"whorl",81,"war","Late"
"whose",4,"hose","Late"
"wick",1,"wick","Late"
"width",3,"wit","Late"
"wield",1,"wield","Late"
"wife",1,"wife","Late"
"wig",2,"whig","Late"
"wild",1,"wild","Late"
"will",1,"will","Late"
"wilt",1,"wilt","Late"
"win",1,"win","Late"
"wind",1,"wind","Late"
"wine",2,"whine","Late"
"wing",1,"wing","Late"
"wink",2,"wing","Late"
"wipe",1,"wipe","Late"
"wire",1,"wire","Late"
"wise",1,"wise","Late"
"wish",1,"wish","Late"
"wisp",1,"wisp","Late"
"wit",1,"wit","Late"
"witch",2,"which","Late"
"with",2,"wish","Late"
"woke",1,"woke","Late"
"wolf",2,"wall","Late"
"womb",1,"womb","Late"
"won",3,"wan","Late"
"wont",10,"want","Late"
"wood",1,"wood","Late"
"word",21,"wall","Late"
"work",1,"work","Late"
"world",1,"world","Late"
"worm",3,"warm","Late"
"worn",1,"worn","Late"
"worse",4,"whirl","Late"
"worst",1,"worst","Late"
"would",2,"wood","Late"
"wove",1,"wove","Late"
"wrack",2,"rack","Late"
"wrap",2,"rap","Late"
"wrath",1,"wrath","Late"
"wreak",2,"reek","Late"
"wreath",1,"wreath","Late"
"wreck",1,"wreck","Late"
"wren",1,"wren","Late"
"wrest",2,"rest","Late"
"wring",2,"ring","Late"
"wrist",1,"wrist","Late"
"writ",1,"writ","Late"
"write",3,"right","Late"
"writhe",1,"writhe","Late"
"wrong",1,"wrong","Late"
"wrote",1,"wrote","Late"
"wrought",1,"wrought","Late"
"yacht",2,"yak","Late"
"yak",1,"yak","Late"
"yam",1,"yam","Late"
"yang",1,"yang","Late"
"yank",1,"yank","Late"
"yard",1,"yard","Late"
"yarn",1,"yarn","Late"
"yawn",1,"yawn","Late"
"year",1,"year","Late"
"yearn",1,"yearn","Late"
"yeast",1,"yeast","Late"
"yell",1,"yell","Late"
"yelp",1,"yelp","Late"
"yen",1,"yen","Late"
"yes",1,"yes","Late"
"yet",1,"yet","Late"
"yield",1,"yield","Late"
"yoke",1,"yoke","Late"
"yolk",3,"yawl","Late"
"yon",1,"yon","Late"
"yore",1,"yore","Late"
"york",28,"yacht","Late"
"youth",1,"youth","Late"
"zeal",1,"zeal","Late"
"zen",1,"zen","Late"
"zest",1,"zest","Late"
"zinc",1,"zinc","Late"
"zing",1,"zing","Late"
"zip",1,"zip","Late"
"zone",1,"zone","Late"
"dork",3,"torque","Late"
"bilge",1,"bilge","Late"
"muss",1,"muss","Late"
"fiche",2,"fish","Late"
"tog",1,"tog","Late"
"rime",2,"rhyme","Late"
"laze",1,"laze","Late"
"runt",1,"runt","Late"
"souse",1,"souse","Late"
"git",1,"git","Late"
"paunch",2,"pawn","Late"
"rend",1,"rend","Late"
"squaw",1,"squaw","Late"
"rheum",18,"ream","Late"
"pram",1,"pram","Late"
"clod",17,"clot","Late"
"manse",1,"manse","Late"
"zit",1,"zit","Late"
"chive",1,"chive","Late"
"retch",1,"retch","Late"
"phage",3,"shade","Late"
"gunk",1,"gunk","Late"
"hasp",1,"hasp","Late"
"sprig",1,"sprig","Late"
"bleat",1,"bleat","Late"
"shoal",1,"shoal","Late"
"yawl",1,"yawl","Late"
"whelp",1,"whelp","Late"
"nape",1,"nape","Late"
"cud",1,"cud","Late"
"scrim",1,"scrim","Late"
"crag",1,"crag","Late"
"wretch",2,"retch","Late"
"thwack",1,"thwack","Late"
"jape",1,"jape","Late"
"clove",1,"clove","Late"
"jag",1,"jag","Late"
"frappe",1,"frappe","Late"
"veldt",3,"felt","Late"
"letch",1,"letch","Late"
"tyme",2,"time","Late"
"babe",1,"babe","Late"
"beast",1,"beast","Late"
"belt",1,"belt","Late"
"blob",1,"blob","Late"
"blush",1,"blush","Late"
"boost",1,"boost","Late"
"borne",2,"born","Late"
"braille",5,"breeze","Late"
"bridge",1,"bridge","Late"
"broad",8,"road","Late"
"bust",1,"bust","Late"
"cam",1,"cam","Late"
"car",1,"car","Late"
"card",3,"cart","Late"
"caste",2,"cast","Late"
"catch",1,"catch","Late"
"cease",8,"peace","Late"
"cell",9,"tell","Late"
"chair",4,"cheer","Late"
"cheek",1,"cheek","Late"
"chip",1,"chip","Late"
"cliff",1,"cliff","Late"
"climb",6,"limb","Late"
"cold",2,"colt","Late"
"cole",2,"coal","Late"
"core",2,"corps","Late"
"court",24,"car","Late"
"crow",1,"crow","Late"
"crown",9,"crone","Late"
"dale",1,"dale","Late"
"dam",2,"damn","Late"
"dealt",1,"dealt","Late"
"dean",1,"dean","Late"
"deck",1,"deck","Late"
"deed",1,"deed","Late"
"dell",1,"dell","Late"
"dial",579,"dill","Late"
"did",1,"did","Late"
"dim",1,"dim","Late"
"dire",3,"dour","Late"
"dost",1,"dost","Late"
"drive",1,"drive","Late"
"dunk",1,"dunk","Late"
"fail",1,"fail","Late"
"feet",2,"feat","Late"
"file",1,"file","Late"
"filth",1,"filth","Late"
"find",1,"find","Late"
"flare",2,"flair","Late"
"flask",1,"flask","Late"
"flat",1,"flat","Late"
"fluke",1,"fluke","Late"
"fore",3,"for","Late"
"frock",1,"frock","Late"
"fun",1,"fun","Late"
"fund",1,"fund","Late"
"game",1,"game","Late"
"gasp",1,"gasp","Late"
"gate",2,"gait","Late"
"germ",79,"gum","Late"
"gone",2,"cone","Late"
"got",1,"got","Late"
"grasp",1,"grasp","Late"
"grim",1,"grim","Late"
"groove",1,"groove","Late"
"grove",1,"grove","Late"
"growl",36,"groan","Late"
"halt",1,"halt","Late"
"heard",496,"hear","Late"
"heat",1,"heat","Late"
"helm",4,"hen","Late"
"home",1,"home","Late"
"hook",1,"hook","Late"
"hung",1,"hung","Late"
"hurl",1,"hurl","Late"
"joust",3,"jot","Late"
"jug",1,"jug","Late"
"jump",1,"jump","Late"
"jut",1,"jut","Late"
"lab",1,"lab","Late"
"lack",1,"lack","Late"
"lain",2,"lane","Late"
"lap",1,"lap","Late"
"late",1,"late","Late"
"lewd",9,"lead","Late"
"lien",2,"lean","Late"
"limb",1,"limb","Late"
"lone",2,"loan","Late"
"long",1,"long","Late"
"lump",1,"lump","Late"
"lurch",1,"lurch","Late"
"mast",1,"mast","Late"
"mauve",22,"myth","Late"
"mean",1,"mean","Late"
"mew",53,"moss","Late"
"might",2,"mite","Late"
"mile",1,"mile","Late"
"mind",1,"mind","Late"
"moll",8,"mole","Late"
"need",2,"knead","Late"
"nurse",1,"nurse","Late"
"pawn",1,"pawn","Late"
"peak",1,"peak","Late"
"peat",1,"peat","Late"
"perch",1,"perch","Late"
"pick",1,"pick","Late"
"pint",3,"pin","Late"
"pipe",1,"pipe","Late"
"plank",1,"plank","Late"
"plunge",3,"plum","Late"
"pop",1,"pop","Late"
"pore",2,"pour","Late"
"press",1,"press","Late"
"psalm",2,"sill","Late"
"pub",1,"pub","Late"
"punch",1,"punch","Late"
"push",8,"pus","Late"
"quaint",1,"quaint","Late"
"ram",1,"ram","Late"
"rang",2,"ran","Late"
"rasp",1,"rasp","Late"
"route",20,"rouse","Late"
"rump",1,"rump","Late"
"run",1,"run","Late"
"sash",1,"sash","Late"
"sax",1,"sax","Late"
"scalp",1,"scalp","Late"
"scan",1,"scan","Late"
"scoop",1,"scoop","Late"
"scout",1,"scout","Late"
"seal",1,"seal","Late"
"shade",1,"shade","Late"
"shore",1,"shore","Late"
"shuck",1,"shuck","Late"
"sky",1,"sky","Late"
"slam",1,"slam","Late"
"sleek",1,"sleek","Late"
"slim",1,"slim","Late"
"sox",1,"sox","Late"
"spite",1,"spite","Late"
"sponge",20,"spa","Late"
"spout",1,"spout","Late"
"sprout",1,"sprout","Late"
"spruce",4,"spree","Late"
"spun",1,"spun","Late"
"squirm",1,"squirm","Late"
"state",1,"state","Late"
"steer",1,"steer","Late"
"streak",1,"streak","Late"
"strode",1,"strode","Late"
"sung",1,"sung","Late"
"switch",1,"switch","Late"
"talk",23,"tack","Late"
"tar",1,"tar","Late"
"teach",1,"teach","Late"
"three",1,"three","Late"
"toll",2,"tall","Late"
"trade",1,"trade","Late"
"train",1,"train","Late"
"trance",1,"trance","Late"
"trash",2,"rash","Late"
"trip",1,"trip","Late"
"vamp",1,"vamp","Late"
"vent",1,"vent","Late"
"verb",2,"fuck","Late"
"verve",1,"verve","Late"
"void",1,"void","Late"
"wage",1,"wage","Late"
"wait",2,"weight","Late"
"warn",2,"worn","Late"
"wart",1,"wart","Late"
"watt",1,"watt","Late"
"weird",77,"well","Late"
"wheat",1,"wheat","Late"
"whit",2,"wit","Late"
"white",1,"white","Late"
"whiz",1,"whiz","Late"
"wide",1,"wide","Late"
"wool",1,"wool","Late"
"wore",2,"war","Late"
"worth",24,"war","Late"
"wound",1,"wound","Late"
"young",6,"yon","Late"
"your",2,"yore","Late"
"zounds",10,"sound","Late"
