AA0,bombay,AA1,awkward                 ,AA2,tonsil
AE0,antiques,AE1,mapping,AE2,tallulah
AH0,achieve,AH1,summer,AH2,whatever
AO0,Maurice,AO1,jawing,AO2,although
AW0,Buxbaum*,AW1,couches,AW2,outgrow
AY0,ideas,AY1,cider,AY2,myself
EH0,engaged,EH1,ever,EH2,clarinet
ER0,upper*,ER1,circus,ER2,cowgirl*
EY0,eighteen,EY1,shaker,EY2,hallway*
IH0,intends,IH1,whither,IH2,yippee
IY0,early*,IY1,sweeper,IY2,replace
OW0,furrow*,OW1,over,OW2,okay
OY0,royale,OY1,poignant,OY2,cowboy*
UH0,fulfill,UH1,woodbine,UH2,goodbye
UW0,bouquet,UW1,cooley,UW2,July
